Workbook

Sheet Diagrama ER (corregido)

Sheet Tipos de Dato
A1: Tipos de Datos - Tabla Comparativa
A2: # | B2: Tipo de Dato Genérico | C2: Descripción | D2: En PosgreSQL | E2: En MySQL | F2: En MS SQL Server
D3: Versión: | E3: Versión: | F3: Versión:
A4: 1 | B4: AUTOINCREMENTABLE | C4: Se genera automaticamente | D4: SERIAL | E4: AUTO_INCREMENT | F4: IDENTITY(1,1)
A5: =A4+1 -> 2 | B5: UUID | C5: Identificador unico universal | D5: UUID | E5: CHAR(36) | F5: UNIQUEIDENTIFIER
A6: =A5+1 -> 3 | B6: ENTERO | C6: Numero sin parte decimal | D6: INTEGER | E6: INT | F6: INT
A7: =A6+1 -> 4 | B7: DECIMAL | C7: Numero con parte decimal | D7: DECIMAL(p,s) | E7: DECIMAL(p,s) | F7: DECIMAL(p,s)
A8: =A7+1 -> 5 | B8: LÓGICO | C8: Verdadero o falso | D8: BOOLEAN | E8: BOOLEAN | F8: BIT
A9: =A8+1 -> 6 | B9: TEXTO | C9: Texto largo | D9: TEXT | E9: TEXT | F9: TEXT
A10: =A9+1 -> 7 | B10: CARACTER | C10: Texto corto fijo | D10: CHAR(n) | E10: CHAR(n) | F10: CHAR(n)
A11: =A10+1 -> 8 | B11: FECHA | C11: Fecha | D11: DATE | E11: DATE | F11: DATE
A12: =A11+1 -> 9 | B12: FECHA_HORA | C12: Fecha y hora | D12: TIMESTAMP | E12: DATETIME | F12: DATETIME
A13: =A12+1 -> 10 | B13: HORA | C13: Solo hora | D13: TIME | E13: TIME | F13: TIME
A14: =A13+1 -> 11 | B14: URL | C14: Dirrecion web | D14: VARCHAR(255) | E14: VARCHAR(255) | F14: VARCHAR(255)
A15: =A14+1 -> 12 | B15: ENUM | C15: Lista de valores | D15: CHECK | E15: ENUM | F15: CHECK
A16: =A15+1 -> 13 | B16: TEXTO_CORTO | C16: Texto corto | D16: VARCHAR(n) | E16: VARCHAR(n) | F16: VARCHAR(n)
... A21: =A20+1 -> 18 | B21: AUDIO | C21: Audio | D21: BYTEA | E21: BLOB | F21: VARBYNARY(MAX)

Sheet Invetario de Tablas
A1: Modelo Lógico - Tablas resultantes del Diccionario Genérico (corregido)
A2: INVENTARIO DE TABLAS Este inventario es el mismo para los 3 SGBDs: PostgreSQL, MySQL y MS SQL Server. Todos los diccionarios deben tomar la misma cantidad y los mismos nombres de esta tablas
A3: # | B3: Tabla | C3: Descripción Tabla | D3: Observaciones
A4: 1 | B4: apicultor | C4: Personas que producen productos apícolas.
A5: =A4+1 -> 2 | B5: apiario | C5: Lugar donde el apicultor mantiene su producción.
A6: =A5+1 -> 3 | B6: producto | C6: Productos derivados de la apicultura.
A7: =A6+1 -> 4 | B7: cosecha | C7: Temporada o fecha donde se obtiene la producción.
A8: =A7+1 -> 5 | B8: pedido | C8: Solicitud realizada por un consumidor.
A9: =A8+1 -> 6 | B9: detalle_pedido | C9: Información específica de cada producto solicitado.
A10: =A9+1 -> 7 | B10: sensor | C10: Sensores que registran variables ambientales.
A11: =A10+1 -> 8 | B11: medicion_ambiental | C11: Registro de datos ambientales.
A12: =A11+1 -> 9 | B12: alerta | C12: Notificación generada por el sistema.
A13: =A12+1 -> 10 | B13: entidad_financiera | C13: Organización que puede brindar apoyo económico o financiamiento a proyectos o investigaciones del sector apícola
A14: =A13+1 -> 11 | B14: entidad_reguladora | C14: Entidad encargada de supervisar el cumplimiento de normas y emitir certificaciones relacionadas con la producción apícola
A15: =A14+1 -> 12 | B15: cooperativa | C15: Organizacion que apoya procesos productivos
A16: =A15+1 -> 13 | B16: certificacion | C16: Certificacion reguladora que cumple con normas puestas por la entidad reguladora
... A32: =A31+1 -> 29 | B32: lote_producto | C32: Tabla intermedia formada por la cardinalidad M:N entre lote y producto

Sheet Diccionario Datos - PostgreSQL
A1: PostgreSQL - Tablas en Detalle
A3: ='Invetario de Tablas'!A4 -> 1 | B3: Tabla | C3: ='Invetario de Tablas'!B4 -> apicultor | G3: Descripción Tabla | K3: ='Invetario de Tablas'!C4 -> Personas que producen productos apícolas. | X3: Versión
A4: # | B4: Campo | C4: Descripción Campo | G4: Tipo Dato - PostgreSQL | K4: Tamaño | O4: Nulo | R4: PK | T4: FK | V4: UK | X4: Nota/Comentarios
A5: 1 | B5: id_apicultor | C5: Identificador del apicultor | G5: SERIAL | O5: NO | R5: ✔ | V5: ✔
A6: 2 | B6: nombre | C6: Nombre del apicultor | G6: VARCHAR | K6: 50 | O6: NO
A7: 3 | B7: descripcion | C7: Persona que produce productos apicolas | G7: TEXT | O7: SI
A8: 4 | B8: telefono | C8: telefono de la entidad | G8: VARCHAR | K8: 15 | O8: NO | V8: ✔
A9: 5 | B9: correo | C9: correo de la entidad | G9: VARCHAR | K9: 100 | O9: NO | V9: ✔
A11: ='Invetario de Tablas'!A5 -> 2 | B11: Tabla | C11: ='Invetario de Tablas'!B5 -> apiario | G11: Descripción Tabla | K11: ='Invetario de Tablas'!C5 -> Lugar donde el apicultor mantiene su producción. | X11: Versión
A12: # | B12: Campo | C12: Descripción Campo | G12: Tipo Dato - PostgreSQL | K12: Tamaño | O12: Nulo | R12: PK | T12: FK | V12: UK | X12: Nota/Comentarios
A13: 1 | B13: id_apiario | C13: Identificador del apiario | G13: SERIAL | O13: NO | R13: ✔
A14: 2 | B14: id_apicultor | C14: Apicultor dueño del apiario | G14: INTEGER | O14: NO | T14: ✔
A15: 3 | B15: ubicacion | C15: Lugar del apiario | G15: VARCHAR | K15: 50 | O15: NO
A17: ='Invetario de Tablas'!A6 -> 3 | B17: Tabla | C17: ='Invetario de Tablas'!B6 -> producto | G17: Descripción Tabla | K17: ='Invetario de Tablas'!C6 -> Productos derivados de la apicultura. | X17: Versión
A18: # | B18: Campo | C18: Descripción Campo | G18: Tipo Dato - PostgreSQL | K18: Tamaño | O18: Nulo | R18: PK | T18: FK | V18: UK | X18: Nota/Comentarios
A19: 1 | B19: id_producto | C19: Productos derivados de la apicultura | G19: SERIAL | O19: NO | R19: ✔
A20: 2 | B20: tipo_producto | C20: Tipo de producto apicola | G20: VARCHAR | K20: 50 | O20: NO
A21: 3 | B21: descripcion | C21: Descripcion del producto | G21: TEXT | O21: SI
A23: ='Invetario de Tablas'!A7 -> 4 | B23: Tabla | C23: ='Invetario de Tablas'!B7 -> cosecha | G23: Descripción Tabla | K23: ='Invetario de Tablas'!C7 -> Temporada o fecha donde se obtiene la producción. | X23: Versión
A24: # | B24: Campo | C24: Descripción Campo | G24: Tipo Dato - PostgreSQL | K24: Tamaño | O24: Nulo | R24: PK | T24: FK | V24: UK | X24: Nota/Comentarios
A25: 1 | B25: id_cosecha | C25: Identificador de la cosecha | G25: SERIAL | O25: NO | R25: ✔
A26: 2 | B26: id_apiario | C26: Apiario donde se realiza la cosecha | G26: INTEGER | O26: NO | T26: ✔
A27: 3 | B27: fecha | C27: Fecha de la cosecha | G27: DATE | O27: NO
A29: ='Invetario de Tablas'!A8 -> 5 | B29: Tabla | C29: ='Invetario de Tablas'!B8 -> pedido | G29: Descripción Tabla | K29: ='Invetario de Tablas'!C8 -> Solicitud realizada por un consumidor. | X29: Versión
A30: # | B30: Campo | C30: Descripción Campo | G30: Tipo Dato - PostgreSQL | K30: Tamaño | O30: Nulo | R30: PK | T30: FK | V30: UK | X30: Nota/Comentarios
A31: 1 | B31: id_pedido | C31: Identificador del pedido | G31: SERIAL | O31: NO | R31: ✔ | V31: ✔
A32: 2 | B32: id_consumidor | C32: Consumidor que realiza el pedido | G32: INTEGER | O32: NO | T32: ✔
A33: 3 | B33: fecha | C33: Fecha en la que se realiza el pedido | G33: DATE | O33: NO
A35: ='Invetario de Tablas'!A9 -> 6 | B35: Tabla | C35: ='Invetario de Tablas'!B9 -> detalle_pedido | G35: Descripción Tabla | K35: ='Invetario de Tablas'!C9 -> Información específica de cada producto solicitado. | X35: Versión
A36: # | B36: Campo | C36: Descripción Campo | G36: Tipo Dato - PostgreSQL | K36: Tamaño | O36: Nulo | R36: PK | T36: FK | V36: UK | X36: Nota/Comentarios
A37: 1 | B37: id_pedido | C37: Pedido al que pertenece el producto | G37: INTEGER | O37: NO | R37: ✔ | T37: ✔
A38: 2 | B38: id_lote | C38: Lote del producto solicitado | G38: INTEGER | O38: NO | R38: ✔ | T38: ✔
A39: 3 | B39: cantidad | C39: Cantidad solicitada del producto | G39: INTEGER | O39: NO
A41: ='Invetario de Tablas'!A10 -> 7 | B41: Tabla | C41: ='Invetario de Tablas'!B10 -> sensor | G41: Descripción Tabla | K41: ='Invetario de Tablas'!C10 -> Sensores que registran variables ambientales. | X41: Versión
A42: # | B42: Campo | C42: Descripción Campo | G42: Tipo Dato - PostgreSQL | K42: Tamaño | O42: Nulo | R42: PK | T42: FK | V42: UK | X42: Nota/Comentarios
A43: 1 | B43: id_sensor | C43: Identificador del sensor | G43: SERIAL | O43: NO | R43: ✔ | V43: ✔
A44: 2 | B44: tipo_sensor | C44: Tipo de sensor utilizado | G44: VARCHAR | K44: 50 | O44: NO
A46: ='Invetario de Tablas'!A11 -> 8 | B46: Tabla | C46: ='Invetario de Tablas'!B11 -> medicion_ambiental | G46: Descripción Tabla | K46: ='Invetario de Tablas'!C11 -> Registro de datos ambientales. | X46: Versión
A47: # | B47: Campo | C47: Descripción Campo | G47: Tipo Dato - PostgreSQL | K47: Tamaño | O47: Nulo | R47: PK | T47: FK | V47: UK | X47: Nota/Comentarios
A48: 1 | B48: id_medicion | C48: Identificador de la medición | G48: SERIAL | O48: NO | R48: ✔ | V48: ✔
A49: 2 | B49: id_sensor | C49: Sensor que registra los datos | G49: INTEGER | O49: NO | T49: ✔
A50: 3 | B50: temperatura | C50: Temperatura registrada | G50: DECIMAL | K50: 5,2 | O50: NO
A51: 4 | B51: humedad | C51: Humedad registrada | G51: DECIMAL | K51: 5,2 | O51: NO
A52: 5 | B52: fecha_hora | C52: Fecha y hora de la medición | G52: TIMESTAMP | O52: NO
A54: ='Invetario de Tablas'!A12 -> 9 | B54: Tabla | C54: ='Invetario de Tablas'!B12 -> alerta | G54: Descripción Tabla | K54: ='Invetario de Tablas'!C12 -> Notificación generada por el sistema. | X54: Versión
A55: # | B55: Campo | C55: Descripción Campo | G55: Tipo Dato - PostgreSQL | K55: Tamaño | O55: Nulo | R55: PK | T55: FK | V55: UK | X55: Nota/Comentarios
A56: 1 | B56: id_alerta | C56: Identificador de la alerta | G56: SERIAL | O56: NO | R56: ✔ | V56: ✔
A57: 2 | B57: id_medicion | C57: Medición que generó la alerta | G57: INTEGER | O57: NO | T57: ✔
A58: 3 | B58: tipo_alerta | C58: Tipo de alerta generada | G58: VARCHAR | K58: 30 | O58: NO | X58: ('temperatura_alta','temperatura_baja','humedad_alta','humedad_baja')
A59: 4 | B59: mensaje | C59: mensaje generado | G59: TEXT | O59: NO
A60: 5 | B60: fecha | C60: Fecha generada | G60: TIMESTAMP | O60: NO
A61: 6 | B61: estado | C61: Estado | G61: VARCHAR | K61: 30 | O61: NO | X61: ('activa','resuelta')
A63: ='Invetario de Tablas'!A13 -> 10 | B63: Tabla | C63: ='Invetario de Tablas'!B13 -> entidad_financiera | G63: Descripción Tabla | K63: ='Invetario de Tablas'!C13 -> Organización que puede brindar apoyo económico o financiamiento a proyectos o investigaciones del sector apícola | X63: Versión
A64: # | B64: Campo | C64: Descripción Campo | G64: Tipo Dato - PostgreSQL | K64: Tamaño | O64: Nulo | R64: PK | T64: FK | V64: UK | X64: Nota/Comentarios
A65: 1 | B65: id_entidad_financiera | C65: Identificador de la entidad | G65: SERIAL | O65: NO | R65: ✔ | V65: ✔
A66: 2 | B66: nombre | C66: Nombre de la entidad financiera | G66: VARCHAR | K66: 100 | O66: NO
A67: 3 | B67: tipo_entidad | C67: Nombre de la entidad financiera | G67: VARCHAR | K67: 100 | O67: NO
A68: 4 | B68: telefono | C68: telefono de la entidad | G68: VARCHAR | K68: 15 | O68: NO | V68: ✔
A69: 5 | B69: correo | C69: correo de la entidad | G69: VARCHAR | K69: 100 | O69: NO | V69: ✔
A71: ='Invetario de Tablas'!A14 -> 11 | B71: Tabla | C71: ='Invetario de Tablas'!B14 -> entidad_reguladora | G71: Descripción Tabla | K71: ='Invetario de Tablas'!C14 -> Entidad encargada de supervisar el cumplimiento de normas y emitir certificaciones relacionadas con la producción apícola | X71: Versión
A72: # | B72: Campo | C72: Descripción Campo | G72: Tipo Dato - PostgreSQL | K72: Tamaño | O72: Nulo | R72: PK | T72: FK | V72: UK | X72: Nota/Comentarios
A73: 1 | B73: id_entidad_regulatoria | C73: Entidades que supervisan el cumplimiento de normas en el sector apícola | G73: SERIAL | O73: NO | R73: ✔ | V73: ✔
A74: 2 | B74: nombre | C74: Nombre de la entidad regulatoria | G74: VARCHAR | K74: 100 | O74: NO
A75: 3 | B75: pais | C75: Pais de la entidad | G75: VARCHAR | K75: 100 | O75: NO
A76: 4 | B76: telefono | C76: Telefono de la entidad | G76: VARCHAR | K76: 15 | O76: NO | V76: ✔
A77: 5 | B77: correo | C77: Correo de la entidad | G77: VARCHAR | K77: 100 | O77: NO | V77: ✔
A79: ='Invetario de Tablas'!A15 -> 12 | B79: Tabla | C79: ='Invetario de Tablas'!B15 -> cooperativa | G79: Descripción Tabla | K79: ='Invetario de Tablas'!C15 -> Organizacion que apoya procesos productivos | X79: Versión
A80: # | B80: Campo | C80: Descripción Campo | G80: Tipo Dato - PostgreSQL | K80: Tamaño | O80: Nulo | R80: PK | T80: FK | V80: UK | X80: Nota/Comentarios
A81: 1 | B81: id_cooperativa | C81: Cooperativas que agrupan apicultores para apoyo y comercialización | G81: SERIAL | O81: NO | R81: ✔ | V81: ✔
A82: 2 | B82: nombre | C82: Nombre de la cooperativa | G82: VARCHAR | K82: 100 | O82: NO
A83: 3 | B83: direccion | C83: Direccion de la entidad | G83: VARCHAR | K83: 100 | O83: NO
A84: 4 | B84: telefono | C84: Numero de la cooperativa | G84: VARCHAR | K84: 15 | O84: NO | V84: ✔
A85: 5 | B85: fecha_creacion | C85: Fecha de creacion | G85: DATE | O85: NO
A87: ='Invetario de Tablas'!A16 -> 13 | B87: Tabla | C87: ='Invetario de Tablas'!B16 -> certificacion | G87: Descripción Tabla | K87: ='Invetario de Tablas'!C16 -> Certificacion reguladora que cumple con normas puestas por la entidad reguladora | X87: Versión
A88: # | B88: Campo | C88: Descripción Campo | G88: Tipo Dato - PostgreSQL | K88: Tamaño | O88: Nulo | R88: PK | T88: FK | V88: UK | X88: Nota/Comentarios
A89: 1 | B89: id_certificacion | C89: Identificador de la cerficiacion | G89: SERIAL | O89: NO | R89: ✔ | V89: ✔
A90: 2 | B90: id_entidad_regulatoria | C90: Entidades que supervisan el cumplimiento de normas en el sector apícola | G90: INTEGER | O90: NO | T90: ✔
A91: 3 | B91: descripcion | C91: Descripcion detallada de cada certificacion | G91: TEXT | O91: SI
A92: 4 | B92: fecha_emision | C92: Fecha de emision | G92: DATE | O92: SI
A93: 5 | B93: fecha_vencimiento | C93: Fecha de vencimiento | G93: DATE | O93: SI
A94: 6 | B94: tipo_certificacion | C94: Tipo | G94: VARCHAR | K94: 100 | O94: SI
A96: ='Invetario de Tablas'!A17 -> 14 | B96: Tabla | C96: ='Invetario de Tablas'!B17 -> consumidor | G96: Descripción Tabla | K96: ='Invetario de Tablas'!C17 -> Persona que consume los productos apicola | X96: Versión
A97: # | B97: Campo | C97: Descripción Campo | G97: Tipo Dato - PostgreSQL | K97: Tamaño | O97: Nulo | R97: PK | T97: FK | V97: UK | X97: Nota/Comentarios
A98: 1 | B98: id_consumidor | C98: Identificador de las personas que compran productos apícolas en la plataforma | G98: SERIAL | O98: NO | R98: ✔ | V98: ✔
A99: 2 | B99: nombre | C99: Nombre del comprador | G99: VARCHAR | K99: 80 | O99: NO
A100: 3 | B100: correo | C100: Correo del consumidor | G100: VARCHAR | K100: 100 | O100: NO | V100: ✔
A101: 4 | B101: telefono | C101: Telefono del consumidor | G101: VARCHAR | K101: 15 | O101: NO | V101: ✔
A102: 5 | B102: direccion | C102: Direccion del consumidor | G102: VARCHAR | K102: 100 | O102: NO
A104: ='Invetario de Tablas'!A18 -> 15 | B104: Tabla | C104: ='Invetario de Tablas'!B18 -> registro_clinico | G104: Descripción Tabla | K104: ='Invetario de Tablas'!C18 -> Historial sanitario de un apiario | X104: Versión
A105: # | B105: Campo | C105: Descripción Campo | G105: Tipo Dato - PostgreSQL | K105: Tamaño | O105: Nulo | R105: PK | T105: FK | V105: UK | X105: Nota/Comentarios
A106: 1 | B106: id_registro | C106: Identificador único del registro clínico | G106: SERIAL | O106: NO | R106: ✔ | V106: ✔
A107: 2 | B107: id_apiario | C107: Apiario al que pertenece el registro sanitario | G107: INTEGER | O107: NO | T107: ✔
A108: 3 | B108: descripcion | C108: Descripción del estado sanitario o tratamiento | G108: TEXT | O108: SI
A109: 4 | B109: fecha_registro | C109: Fecha de registro | G109: DATE | O109: SI
A110: 5 | B110: tratamiento | C110: Tratamiento | G110: TEXT | O110: SI
A112: ='Invetario de Tablas'!A19 -> 16 | B112: Tabla | C112: ='Invetario de Tablas'!B19 -> intercambio | G112: Descripción Tabla | K112: ='Invetario de Tablas'!C19 -> Intercambio de bienes acordado por dos apicultores | X112: Versión
A113: # | B113: Campo | C113: Descripción Campo | G113: Tipo Dato - PostgreSQL | K113: Tamaño | O113: Nulo | R113: PK | T113: FK | V113: UK | X113: Nota/Comentarios
A114: 1 | B114: id_intercambio | C114: Identificador del intercambio | G114: SERIAL | O114: NO | R114: ✔ | V114: ✔
A115: 2 | B115: fecha | C115: Fecha en que se realiza el intercambio | G115: DATE | O115: NO
A116: 3 | B116: descripcion | C116: Detalle del intercambio realizado | G116: TEXT | O116: SI
...

Sheet Diccionario Datos - MySQL
A1: MySQL - Tablas en Detalle
A3: ='Invetario de Tablas'!A4 -> 1 | B3: Tabla | C3: ='Invetario de Tablas'!B4 -> apicultor | G3: Descripción Tabla | K3: ='Invetario de Tablas'!C4 -> Personas que producen productos apícolas. | X3: Versión
A4: # | B4: Campo | C4: Descripción Campo | G4: Tipo Dato - MySQL | K4: Tamaño | O4: Nulo | R4: PK | T4: FK | V4: UK | X4: Nota/Comentarios
A5: 1 | B5: id_apicultor | C5: Identificador del apicultor | G5: INT AUTO_INCREMENT | K5: 11 | O5: NO | R5: ✔ | V5: ✔
A6: 2 | B6: nombre | C6: Nombre del apicultor | G6: VARCHAR | K6: 50 | O6: NO
A7: 3 | B7: descripcion | C7: Persona que produce productos apicolas | G7: TEXT | O7: SI
A8: 4 | B8: telefono | C8: telefono de la entidad | G8: VARCHAR | K8: 15 | O8: NO | V8: ✔
A9: 5 | B9: correo | C9: correo de la entidad | G9: VARCHAR | K9: 100 | O9: NO | V9: ✔
A11: ='Invetario de Tablas'!A5 -> 2 | B11: Tabla | C11: ='Invetario de Tablas'!B5 -> apiario | G11: Descripción Tabla | K11: ='Invetario de Tablas'!C5 -> Lugar donde el apicultor mantiene su producción. | X11: Versión
A12: # | B12: Campo | C12: Descripción Campo | G12: Tipo Dato - MySQL | K12: Tamaño | O12: Nulo | R12: PK | T12: FK | V12: UK | X12: Nota/Comentarios
A13: 1 | B13: id_apiario | C13: Identificador del apiario | G13: INT AUTO_INCREMENT | K13: 11 | O13: NO | R13: ✔
A14: 2 | B14: id_apicultor | C14: Apicultor dueño del apiario | G14: INT | K14: 11 | O14: NO | T14: ✔
A15: 3 | B15: ubicacion | C15: Lugar del apiario | G15: VARCHAR | K15: 50 | O15: NO
A17: ='Invetario de Tablas'!A6 -> 3 | B17: Tabla | C17: ='Invetario de Tablas'!B6 -> producto | G17: Descripción Tabla | K17: ='Invetario de Tablas'!C6 -> Productos derivados de la apicultura. | X17: Versión
A18: # | B18: Campo | C18: Descripción Campo | G18: Tipo Dato - MySQL | K18: Tamaño | O18: Nulo | R18: PK | T18: FK | V18: UK | X18: Nota/Comentarios
A19: 1 | B19: id_producto | C19: Productos derivados de la apicultura | G19: INT AUTO_INCREMENT | K19: 11 | O19: NO | R19: ✔
A20: 2 | B20: tipo_producto | C20: Tipo de producto apicola | G20: VARCHAR | K20: 50 | O20: NO
A21: 3 | B21: descripcion | C21: Descripcion del producto | G21: TEXT | O21: SI
A23: ='Invetario de Tablas'!A7 -> 4 | B23: Tabla | C23: ='Invetario de Tablas'!B7 -> cosecha | G23: Descripción Tabla | K23: ='Invetario de Tablas'!C7 -> Temporada o fecha donde se obtiene la producción. | X23: Versión
A24: # | B24: Campo | C24: Descripción Campo | G24: Tipo Dato - MySQL | K24: Tamaño | O24: Nulo | R24: PK | T24: FK | V24: UK | X24: Nota/Comentarios
A25: 1 | B25: id_cosecha | C25: Identificador de la cosecha | G25: INT AUTO_INCREMENT | K25: 11 | O25: NO | R25: ✔
A26: 2 | B26: id_apiario | C26: Apiario donde se realiza la cosecha | G26: INT | K26: 11 | O26: NO | T26: ✔
A27: 3 | B27: fecha | C27: Fecha de la cosecha | G27: DATE | O27: NO
A29: ='Invetario de Tablas'!A8 -> 5 | B29: Tabla | C29: ='Invetario de Tablas'!B8 -> pedido | G29: Descripción Tabla | K29: ='Invetario de Tablas'!C8 -> Solicitud realizada por un consumidor. | X29: Versión
A30: # | B30: Campo | C30: Descripción Campo | G30: Tipo Dato - MySQL | K30: Tamaño | O30: Nulo | R30: PK | T30: FK | V30: UK | X30: Nota/Comentarios
A31: 1 | B31: id_pedido | C31: Identificador del pedido | G31: INT AUTO_INCREMENT | K31: 11 | O31: NO | R31: ✔ | V31: ✔
A32: 2 | B32: id_consumidor | C32: Consumidor que realiza el pedido | G32: INT | K32: 11 | O32: NO | T32: ✔
A33: 3 | B33: fecha | C33: Fecha en la que se realiza el pedido | G33: DATE | O33: NO
A35: ='Invetario de Tablas'!A9 -> 6 | B35: Tabla | C35: ='Invetario de Tablas'!B9 -> detalle_pedido | G35: Descripción Tabla | K35: ='Invetario de Tablas'!C9 -> Información específica de cada producto solicitado. | X35: Versión
A36: # | B36: Campo | C36: Descripción Campo | G36: Tipo Dato - MySQL | K36: Tamaño | O36: Nulo | R36: PK | T36: FK | V36: UK | X36: Nota/Comentarios
A37: 1 | B37: id_pedido | C37: Pedido al que pertenece el producto | G37: INT | K37: 11 | O37: NO | R37: ✔ | T37: ✔
A38: 2 | B38: id_lote | C38: Lote del producto solicitado | G38: INT | K38: 11 | O38: NO | R38: ✔ | T38: ✔
A39: 3 | B39: cantidad | C39: Cantidad solicitada del producto | G39: INT | K39: 11 | O39: NO
A41: ='Invetario de Tablas'!A10 -> 7 | B41: Tabla | C41: ='Invetario de Tablas'!B10 -> sensor | G41: Descripción Tabla | K41: ='Invetario de Tablas'!C10 -> Sensores que registran variables ambientales. | X41: Versión
A42: # | B42: Campo | C42: Descripción Campo | G42: Tipo Dato - MySQL | K42: Tamaño | O42: Nulo | R42: PK | T42: FK | V42: UK | X42: Nota/Comentarios
A43: 1 | B43: id_sensor | C43: Identificador del sensor | G43: INT AUTO_INCREMENT | K43: 11 | O43: NO | R43: ✔ | V43: ✔
A44: 2 | B44: tipo_sensor | C44: Tipo de sensor utilizado | G44: VARCHAR | K44: 50 | O44: NO
A46: ='Invetario de Tablas'!A11 -> 8 | B46: Tabla | C46: ='Invetario de Tablas'!B11 -> medicion_ambiental | G46: Descripción Tabla | K46: ='Invetario de Tablas'!C11 -> Registro de datos ambientales. | X46: Versión
A47: # | B47: Campo | C47: Descripción Campo | G47: Tipo Dato - MySQL | K47: Tamaño | O47: Nulo | R47: PK | T47: FK | V47: UK | X47: Nota/Comentarios
A48: 1 | B48: id_medicion | C48: Identificador de la medición | G48: INT AUTO_INCREMENT | K48: 11 | O48: NO | R48: ✔ | V48: ✔
A49: 2 | B49: id_sensor | C49: Sensor que registra los datos | G49: INT | K49: 11 | O49: NO | T49: ✔
A50: 3 | B50: temperatura | C50: Temperatura registrada | G50: DECIMAL | K50: 5,2 | O50: NO
A51: 4 | B51: humedad | C51: Humedad registrada | G51: DECIMAL | K51: 5,2 | O51: NO
A52: 5 | B52: fecha_hora | C52: Fecha y hora de la medición | G52: DATETIME | O52: NO
A54: ='Invetario de Tablas'!A12 -> 9 | B54: Tabla | C54: ='Invetario de Tablas'!B12 -> alerta | G54: Descripción Tabla | K54: ='Invetario de Tablas'!C12 -> Notificación generada por el sistema. | X54: Versión
A55: # | B55: Campo | C55: Descripción Campo | G55: Tipo Dato - MySQL | K55: Tamaño | O55: Nulo | R55: PK | T55: FK | V55: UK | X55: Nota/Comentarios
A56: 1 | B56: id_alerta | C56: Identificador de la alerta | G56: INT AUTO_INCREMENT | K56: 11 | O56: NO | R56: ✔ | V56: ✔
A57: 2 | B57: id_medicion | C57: Medición que generó la alerta | G57: INT | K57: 11 | O57: NO | T57: ✔
A58: 3 | B58: tipo_alerta | C58: Tipo de alerta generada | G58: ENUM | O58: NO | X58: ('temperatura_alta','temperatura_baja','humedad_alta','humedad_baja')
A59: 4 | B59: mensaje | C59: mensaje generado | G59: TEXT | O59: NO
A60: 5 | B60: fecha | C60: Fecha generada | G60: DATETIME | O60: NO
A61: 6 | B61: estado | C61: Estado | G61: ENUM | O61: NO | X61: ('activa','resuelta')
A63: ='Invetario de Tablas'!A13 -> 10 | B63: Tabla | C63: ='Invetario de Tablas'!B13 -> entidad_financiera | G63: Descripción Tabla | K63: ='Invetario de Tablas'!C13 -> Organización que puede brindar apoyo económico o financiamiento a proyectos o investigaciones del sector apícola | X63: Versión
A64: # | B64: Campo | C64: Descripción Campo | G64: Tipo Dato - MySQL | K64: Tamaño | O64: Nulo | R64: PK | T64: FK | V64: UK | X64: Nota/Comentarios
A65: 1 | B65: id_entidad_financiera | C65: Identificador de la entidad | G65: INT AUTO_INCREMENT | K65: 11 | O65: NO | R65: ✔ | V65: ✔
A66: 2 | B66: nombre | C66: Nombre de la entidad financiera | G66: VARCHAR | K66: 100 | O66: NO
A67: 3 | B67: tipo_entidad | C67: Nombre de la entidad financiera | G67: VARCHAR | K67: 100 | O67: NO
A68: 4 | B68: telefono | C68: telefono de la entidad | G68: VARCHAR | K68: 15 | O68: NO | V68: ✔
A69: 5 | B69: correo | C69: correo de la entidad | G69: VARCHAR | K69: 100 | O69: NO | V69: ✔
A71: ='Invetario de Tablas'!A14 -> 11 | B71: Tabla | C71: ='Invetario de Tablas'!B14 -> entidad_reguladora | G71: Descripción Tabla | K71: ='Invetario de Tablas'!C14 -> Entidad encargada de supervisar el cumplimiento de normas y emitir certificaciones relacionadas con la producción apícola | X71: Versión
A72: # | B72: Campo | C72: Descripción Campo | G72: Tipo Dato - MySQL | K72: Tamaño | O72: Nulo | R72: PK | T72: FK | V72: UK | X72: Nota/Comentarios
A73: 1 | B73: id_entidad_regulatoria | C73: Entidades que supervisan el cumplimiento de normas en el sector apícola | G73: INT AUTO_INCREMENT | K73: 11 | O73: NO | R73: ✔ | V73: ✔
A74: 2 | B74: nombre | C74: Nombre de la entidad regulatoria | G74: VARCHAR | K74: 100 | O74: NO
A75: 3 | B75: pais | C75: Pais de la entidad | G75: VARCHAR | K75: 100 | O75: NO
A76: 4 | B76: telefono | C76: Telefono de la entidad | G76: VARCHAR | K76: 15 | O76: NO | V76: ✔
A77: 5 | B77: correo | C77: Correo de la entidad | G77: VARCHAR | K77: 100 | O77: NO | V77: ✔
A79: ='Invetario de Tablas'!A15 -> 12 | B79: Tabla | C79: ='Invetario de Tablas'!B15 -> cooperativa | G79: Descripción Tabla | K79: ='Invetario de Tablas'!C15 -> Organizacion que apoya procesos productivos | X79: Versión
A80: # | B80: Campo | C80: Descripción Campo | G80: Tipo Dato - MySQL | K80: Tamaño | O80: Nulo | R80: PK | T80: FK | V80: UK | X80: Nota/Comentarios
A81: 1 | B81: id_cooperativa | C81: Cooperativas que agrupan apicultores para apoyo y comercialización | G81: INT AUTO_INCREMENT | K81: 11 | O81: NO | R81: ✔ | V81: ✔
A82: 2 | B82: nombre | C82: Nombre de la cooperativa | G82: VARCHAR | K82: 100 | O82: NO
A83: 3 | B83: direccion | C83: Direccion de la entidad | G83: VARCHAR | K83: 100 | O83: NO
A84: 4 | B84: telefono | C84: Numero de la cooperativa | G84: VARCHAR | K84: 15 | O84: NO | V84: ✔
A85: 5 | B85: fecha_creacion | C85: Fecha de creacion | G85: DATE | O85: NO
A87: ='Invetario de Tablas'!A16 -> 13 | B87: Tabla | C87: ='Invetario de Tablas'!B16 -> certificacion | G87: Descripción Tabla | K87: ='Invetario de Tablas'!C16 -> Certificacion reguladora que cumple con normas puestas por la entidad reguladora | X87: Versión
A88: # | B88: Campo | C88: Descripción Campo | G88: Tipo Dato - MySQL | K88: Tamaño | O88: Nulo | R88: PK | T88: FK | V88: UK | X88: Nota/Comentarios
A89: 1 | B89: id_certificacion | C89: Identificador de la cerficiacion | G89: INT AUTO_INCREMENT | K89: 11 | O89: NO | R89: ✔ | V89: ✔
A90: 2 | B90: id_entidad_regulatoria | C90: Entidades que supervisan el cumplimiento de normas en el sector apícola | G90: INT | K90: 11 | O90: NO | T90: ✔
A91: 3 | B91: descripcion | C91: Descripcion detallada de cada certificacion | G91: TEXT | O91: SI
A92: 4 | B92: fecha_emision | C92: Fecha de emision | G92: DATE | O92: SI
A93: 5 | B93: fecha_vencimiento | C93: Fecha de vencimiento | G93: DATE | O93: SI
A94: 6 | B94: tipo_certificacion | C94: Tipo | G94: VARCHAR | K94: 100 | O94: SI
A96: ='Invetario de Tablas'!A17 -> 14 | B96: Tabla | C96: ='Invetario de Tablas'!B17 -> consumidor | G96: Descripción Tabla | K96: ='Invetario de Tablas'!C17 -> Persona que consume los productos apicola | X96: Versión
A97: # | B97: Campo | C97: Descripción Campo | G97: Tipo Dato - MySQL | K97: Tamaño | O97: Nulo | R97: PK | T97: FK | V97: UK | X97: Nota/Comentarios
A98: 1 | B98: id_consumidor | C98: Identificador de las personas que compran productos apícolas en la plataforma | G98: INT AUTO_INCREMENT | K98: 11 | O98: NO | R98: ✔ | V98: ✔
A99: 2 | B99: nombre | C99: Nombre del comprador | G99: VARCHAR | K99: 80 | O99: NO
A100: 3 | B100: correo | C100: Correo del consumidor | G100: VARCHAR | K100: 100 | O100: NO | V100: ✔
A101: 4 | B101: telefono | C101: Telefono del consumidor | G101: VARCHAR | K101: 15 | O101: NO | V101: ✔
A102: 5 | B102: direccion | C102: Direccion del consumidor | G102: VARCHAR | K102: 100 | O102: NO
A104: ='Invetario de Tablas'!A18 -> 15 | B104: Tabla | C104: ='Invetario de Tablas'!B18 -> registro_clinico | G104: Descripción Tabla | K104: ='Invetario de Tablas'!C18 -> Historial sanitario de un apiario | X104: Versión
A105: # | B105: Campo | C105: Descripción Campo | G105: Tipo Dato - MySQL | K105: Tamaño | O105: Nulo | R105: PK | T105: FK | V105: UK | X105: Nota/Comentarios
A106: 1 | B106: id_registro | C106: Identificador único del registro clínico | G106: INT AUTO_INCREMENT | K106: 11 | O106: NO | R106: ✔ | V106: ✔
A107: 2 | B107: id_apiario | C107: Apiario al que pertenece el registro sanitario | G107: INT | K107: 11 | O107: NO | T107: ✔
A108: 3 | B108: descripcion | C108: Descripción del estado sanitario o tratamiento | G108: TEXT | O108: SI
A109: 4 | B109: fecha_registro | C109: Fecha de registro | G109: DATE | O109: SI
A110: 5 | B110: tratamiento | C110: Tratamiento | G110: TEXT | O110: SI
A112: ='Invetario de Tablas'!A19 -> 16 | B112: Tabla | C112: ='Invetario de Tablas'!B19 -> intercambio | G112: Descripción Tabla | K112: ='Invetario de Tablas'!C19 -> Intercambio de bienes acordado por dos apicultores | X112: Versión
A113: # | B113: Campo | C113: Descripción Campo | G113: Tipo Dato - MySQL | K113: Tamaño | O113: Nulo | R113: PK | T113: FK | V113: UK | X113: Nota/Comentarios
A114: 1 | B114: id_intercambio | C114: Identificador del intercambio | G114: INT AUTO_INCREMENT | K114: 11 | O114: NO | R114: ✔ | V114: ✔
A115: 2 | B115: fecha | C115: Fecha en que se realiza el intercambio | G115: DATE | O115: NO
A116: 3 | B116: descripcion | C116: Detalle del intercambio realizado | G116: TEXT | O116: SI
...

Sheet Diccionario Datos - MS SQL Serv
A1: MS SQL Server - Tablas en Detalle
A3: ='Invetario de Tablas'!A4 -> 1 | B3: Tabla | C3: ='Invetario de Tablas'!B4 -> apicultor | G3: Descripción Tabla | K3: ='Invetario de Tablas'!C4 -> Personas que producen productos apícolas. | X3: Versión
A4: # | B4: Campo | C4: Descripción Campo | G4: Tipo Dato - MS SQL Server | K4: Tamaño | O4: Nulo | R4: PK | T4: FK | V4: UK | X4: Nota/Comentarios
A5: 1 | B5: id_apicultor | C5: Identificador del apicultor | G5: INT IDENTITY | K5: 1,1 | O5: NO | R5: ✔ | V5: ✔
A6: 2 | B6: nombre | C6: Nombre del apicultor | G6: VARCHAR | K6: 50 | O6: NO
A7: 3 | B7: descripcion | C7: Persona que produce productos apicolas | G7: VARCHAR | K7: MAX | O7: SI
A8: 4 | B8: telefono | C8: telefono de la entidad | G8: VARCHAR | K8: 15 | O8: NO | V8: ✔
A9: 5 | B9: correo | C9: correo de la entidad | G9: VARCHAR | K9: 100 | O9: NO | V9: ✔
A11: ='Invetario de Tablas'!A5 -> 2 | B11: Tabla | C11: ='Invetario de Tablas'!B5 -> apiario | G11: Descripción Tabla | K11: ='Invetario de Tablas'!C5 -> Lugar donde el apicultor mantiene su producción. | X11: Versión
A12: # | B12: Campo | C12: Descripción Campo | G12: Tipo Dato - MS SQL Server | K12: Tamaño | O12: Nulo | R12: PK | T12: FK | V12: UK | X12: Nota/Comentarios
A13: 1 | B13: id_apiario | C13: Identificador del apiario | G13: INT IDENTITY | K13: 1,1 | O13: NO | R13: ✔
A14: 2 | B14: id_apicultor | C14: Apicultor dueño del apiario | G14: INT | O14: NO | T14: ✔
A15: 3 | B15: ubicacion | C15: Lugar del apiario | G15: VARCHAR | K15: 50 | O15: NO
A17: ='Invetario de Tablas'!A6 -> 3 | B17: Tabla | C17: ='Invetario de Tablas'!B6 -> producto | G17: Descripción Tabla | K17: ='Invetario de Tablas'!C6 -> Productos derivados de la apicultura. | X17: Versión
A18: # | B18: Campo | C18: Descripción Campo | G18: Tipo Dato - MS SQL Server | K18: Tamaño | O18: Nulo | R18: PK | T18: FK | V18: UK | X18: Nota/Comentarios
A19: 1 | B19: id_producto | C19: Productos derivados de la apicultura | G19: INT IDENTITY | K19: 1,1 | O19: NO | R19: ✔
A20: 2 | B20: tipo_producto | C20: Tipo de producto apicola | G20: VARCHAR | K20: 50 | O20: NO
A21: 3 | B21: descripcion | C21: Descripcion del producto | G21: VARCHAR | K21: MAX | O21: SI
A23: ='Invetario de Tablas'!A7 -> 4 | B23: Tabla | C23: ='Invetario de Tablas'!B7 -> cosecha | G23: Descripción Tabla | K23: ='Invetario de Tablas'!C7 -> Temporada o fecha donde se obtiene la producción. | X23: Versión
A24: # | B24: Campo | C24: Descripción Campo | G24: Tipo Dato - MS SQL Server | K24: Tamaño | O24: Nulo | R24: PK | T24: FK | V24: UK | X24: Nota/Comentarios
A25: 1 | B25: id_cosecha | C25: Identificador de la cosecha | G25: INT IDENTITY | K25: 1,1 | O25: NO | R25: ✔
A26: 2 | B26: id_apiario | C26: Apiario donde se realiza la cosecha | G26: INT | O26: NO | T26: ✔
A27: 3 | B27: fecha | C27: Fecha de la cosecha | G27: DATE | O27: NO
A29: ='Invetario de Tablas'!A8 -> 5 | B29: Tabla | C29: ='Invetario de Tablas'!B8 -> pedido | G29: Descripción Tabla | K29: ='Invetario de Tablas'!C8 -> Solicitud realizada por un consumidor. | X29: Versión
A30: # | B30: Campo | C30: Descripción Campo | G30: Tipo Dato - MS SQL Server | K30: Tamaño | O30: Nulo | R30: PK | T30: FK | V30: UK | X30: Nota/Comentarios
A31: 1 | B31: id_pedido | C31: Identificador del pedido | G31: INT IDENTITY | K31: 1,1 | O31: NO | R31: ✔ | V31: ✔
A32: 2 | B32: id_consumidor | C32: Consumidor que realiza el pedido | G32: INT | O32: NO | T32: ✔
A33: 3 | B33: fecha | C33: Fecha en la que se realiza el pedido | G33: DATE | O33: NO
A35: ='Invetario de Tablas'!A9 -> 6 | B35: Tabla | C35: ='Invetario de Tablas'!B9 -> detalle_pedido | G35: Descripción Tabla | K35: ='Invetario de Tablas'!C9 -> Información específica de cada producto solicitado. | X35: Versión
A36: # | B36: Campo | C36: Descripción Campo | G36: Tipo Dato - MS SQL Server | K36: Tamaño | O36: Nulo | R36: PK | T36: FK | V36: UK | X36: Nota/Comentarios
A37: 1 | B37: id_pedido | C37: Pedido al que pertenece el producto | G37: INT | O37: NO | R37: ✔ | T37: ✔
A38: 2 | B38: id_lote | C38: Lote del producto solicitado | G38: INT | O38: NO | R38: ✔ | T38: ✔
A39: 3 | B39: cantidad | C39: Cantidad solicitada del producto | G39: INT | O39: NO
A41: ='Invetario de Tablas'!A10 -> 7 | B41: Tabla | C41: ='Invetario de Tablas'!B10 -> sensor | G41: Descripción Tabla | K41: ='Invetario de Tablas'!C10 -> Sensores que registran variables ambientales. | X41: Versión
A42: # | B42: Campo | C42: Descripción Campo | G42: Tipo Dato - MS SQL Server | K42: Tamaño | O42: Nulo | R42: PK | T42: FK | V42: UK | X42: Nota/Comentarios
A43: 1 | B43: id_sensor | C43: Identificador del sensor | G43: INT IDENTITY | K43: 1,1 | O43: NO | R43: ✔ | V43: ✔
A44: 2 | B44: tipo_sensor | C44: Tipo de sensor utilizado | G44: VARCHAR | K44: 50 | O44: NO
A46: ='Invetario de Tablas'!A11 -> 8 | B46: Tabla | C46: ='Invetario de Tablas'!B11 -> medicion_ambiental | G46: Descripción Tabla | K46: ='Invetario de Tablas'!C11 -> Registro de datos ambientales. | X46: Versión
A47: # | B47: Campo | C47: Descripción Campo | G47: Tipo Dato - MS SQL Server | K47: Tamaño | O47: Nulo | R47: PK | T47: FK | V47: UK | X47: Nota/Comentarios
A48: 1 | B48: id_medicion | C48: Identificador de la medición | G48: INT IDENTITY | K48: 1,1 | O48: NO | R48: ✔ | V48: ✔
A49: 2 | B49: id_sensor | C49: Sensor que registra los datos | G49: INT | O49: NO | T49: ✔
A50: 3 | B50: temperatura | C50: Temperatura registrada | G50: DECIMAL | K50: 5,2 | O50: NO
A51: 4 | B51: humedad | C51: Humedad registrada | G51: DECIMAL | K51: 5,2 | O51: NO
A52: 5 | B52: fecha_hora | C52: Fecha y hora de la medición | G52: DATETIME | O52: NO
A54: ='Invetario de Tablas'!A12 -> 9 | B54: Tabla | C54: ='Invetario de Tablas'!B12 -> alerta | G54: Descripción Tabla | K54: ='Invetario de Tablas'!C12 -> Notificación generada por el sistema. | X54: Versión
A55: # | B55: Campo | C55: Descripción Campo | G55: Tipo Dato - MS SQL Server | K55: Tamaño | O55: Nulo | R55: PK | T55: FK | V55: UK | X55: Nota/Comentarios
A56: 1 | B56: id_alerta | C56: Identificador de la alerta | G56: INT IDENTITY | K56: 1,1 | O56: NO | R56: ✔ | V56: ✔
A57: 2 | B57: id_medicion | C57: Medición que generó la alerta | G57: INT | O57: NO | T57: ✔
A58: 3 | B58: tipo_alerta | C58: Tipo de alerta generada | G58: VARCHAR | K58: 30 | O58: NO | X58: ('temperatura_alta','temperatura_baja','humedad_alta','humedad_baja')
A59: 4 | B59: mensaje | C59: mensaje generado | G59: VARCHAR | K59: MAX | O59: NO
A60: 5 | B60: fecha | C60: Fecha generada | G60: DATETIME | O60: NO
A61: 6 | B61: estado | C61: Estado | G61: VARCHAR | K61: 30 | O61: NO | X61: ('activa','resuelta')
A63: ='Invetario de Tablas'!A13 -> 10 | B63: Tabla | C63: ='Invetario de Tablas'!B13 -> entidad_financiera | G63: Descripción Tabla | K63: ='Invetario de Tablas'!C13 -> Organización que puede brindar apoyo económico o financiamiento a proyectos o investigaciones del sector apícola | X63: Versión
A64: # | B64: Campo | C64: Descripción Campo | G64: Tipo Dato - MS SQL Server | K64: Tamaño | O64: Nulo | R64: PK | T64: FK | V64: UK | X64: Nota/Comentarios
A65: 1 | B65: id_entidad_financiera | C65: Identificador de la entidad | G65: INT IDENTITY | K65: 1,1 | O65: NO | R65: ✔ | V65: ✔
A66: 2 | B66: nombre | C66: Nombre de la entidad financiera | G66: VARCHAR | K66: 100 | O66: NO
A67: 3 | B67: tipo_entidad | C67: Nombre de la entidad financiera | G67: VARCHAR | K67: 100 | O67: NO
A68: 4 | B68: telefono | C68: telefono de la entidad | G68: VARCHAR | K68: 15 | O68: NO | V68: ✔
A69: 5 | B69: correo | C69: correo de la entidad | G69: VARCHAR | K69: 100 | O69: NO | V69: ✔
A71: ='Invetario de Tablas'!A14 -> 11 | B71: Tabla | C71: ='Invetario de Tablas'!B14 -> entidad_reguladora | G71: Descripción Tabla | K71: ='Invetario de Tablas'!C14 -> Entidad encargada de supervisar el cumplimiento de normas y emitir certificaciones relacionadas con la producción apícola | X71: Versión
A72: # | B72: Campo | C72: Descripción Campo | G72: Tipo Dato - MS SQL Server | K72: Tamaño | O72: Nulo | R72: PK | T72: FK | V72: UK | X72: Nota/Comentarios
A73: 1 | B73: id_entidad_regulatoria | C73: Entidades que supervisan el cumplimiento de normas en el sector apícola | G73: INT IDENTITY | K73: 1,1 | O73: NO | R73: ✔ | V73: ✔
A74: 2 | B74: nombre | C74: Nombre de la entidad regulatoria | G74: VARCHAR | K74: 100 | O74: NO
A75: 3 | B75: pais | C75: Pais de la entidad | G75: VARCHAR | K75: 100 | O75: NO
A76: 4 | B76: telefono | C76: Telefono de la entidad | G76: VARCHAR | K76: 15 | O76: NO | V76: ✔
A77: 5 | B77: correo | C77: Correo de la entidad | G77: VARCHAR | K77: 100 | O77: NO | V77: ✔
A79: ='Invetario de Tablas'!A15 -> 12 | B79: Tabla | C79: ='Invetario de Tablas'!B15 -> cooperativa | G79: Descripción Tabla | K79: ='Invetario de Tablas'!C15 -> Organizacion que apoya procesos productivos | X79: Versión
A80: # | B80: Campo | C80: Descripción Campo | G80: Tipo Dato - MS SQL Server | K80: Tamaño | O80: Nulo | R80: PK | T80: FK | V80: UK | X80: Nota/Comentarios
A81: 1 | B81: id_cooperativa | C81: Cooperativas que agrupan apicultores para apoyo y comercialización | G81: INT IDENTITY | K81: 1,1 | O81: NO | R81: ✔ | V81: ✔
A82: 2 | B82: nombre | C82: Nombre de la cooperativa | G82: VARCHAR | K82: 100 | O82: NO
A83: 3 | B83: direccion | C83: Direccion de la entidad | G83: VARCHAR | K83: 100 | O83: NO
A84: 4 | B84: telefono | C84: Numero de la cooperativa | G84: VARCHAR | K84: 15 | O84: NO | V84: ✔
A85: 5 | B85: fecha_creacion | C85: Fecha de creacion | G85: DATE | O85: NO
A87: ='Invetario de Tablas'!A16 -> 13 | B87: Tabla | C87: ='Invetario de Tablas'!B16 -> certificacion | G87: Descripción Tabla | K87: ='Invetario de Tablas'!C16 -> Certificacion reguladora que cumple con normas puestas por la entidad reguladora | X87: Versión
A88: # | B88: Campo | C88: Descripción Campo | G88: Tipo Dato - MS SQL Server | K88: Tamaño | O88: Nulo | R88: PK | T88: FK | V88: UK | X88: Nota/Comentarios
A89: 1 | B89: id_certificacion | C89: Identificador de la cerficiacion | G89: INT IDENTITY | K89: 1,1 | O89: NO | R89: ✔ | V89: ✔
A90: 2 | B90: id_entidad_regulatoria | C90: Entidades que supervisan el cumplimiento de normas en el sector apícola | G90: INT | O90: NO | T90: ✔
A91: 3 | B91: descripcion | C91: Descripcion detallada de cada certificacion | G91: VARCHAR | K91: MAX | O91: SI
A92: 4 | B92: fecha_emision | C92: Fecha de emision | G92: DATE | O92: SI
A93: 5 | B93: fecha_vencimiento | C93: Fecha de vencimiento | G93: DATE | O93: SI
A94: 6 | B94: tipo_certificacion | C94: Tipo | G94: VARCHAR | K94: 100 | O94: SI
A96: ='Invetario de Tablas'!A17 -> 14 | B96: Tabla | C96: ='Invetario de Tablas'!B17 -> consumidor | G96: Descripción Tabla | K96: ='Invetario de Tablas'!C17 -> Persona que consume los productos apicola | X96: Versión
A97: # | B97: Campo | C97: Descripción Campo | G97: Tipo Dato - MS SQL Server | K97: Tamaño | O97: Nulo | R97: PK | T97: FK | V97: UK | X97: Nota/Comentarios
A98: 1 | B98: id_consumidor | C98: Identificador de las personas que compran productos apícolas en la plataforma | G98: INT IDENTITY | K98: 1,1 | O98: NO | R98: ✔ | V98: ✔
A99: 2 | B99: nombre | C99: Nombre del comprador | G99: VARCHAR | K99: 80 | O99: NO
A100: 3 | B100: correo | C100: Correo del consumidor | G100: VARCHAR | K100: 100 | O100: NO | V100: ✔
A101: 4 | B101: telefono | C101: Telefono del consumidor | G101: VARCHAR | K101: 15 | O101: NO | V101: ✔
A102: 5 | B102: direccion | C102: Direccion del consumidor | G102: VARCHAR | K102: 100 | O102: NO
A104: ='Invetario de Tablas'!A18 -> 15 | B104: Tabla | C104: ='Invetario de Tablas'!B18 -> registro_clinico | G104: Descripción Tabla | K104: ='Invetario de Tablas'!C18 -> Historial sanitario de un apiario | X104: Versión
A105: # | B105: Campo | C105: Descripción Campo | G105: Tipo Dato - MS SQL Server | K105: Tamaño | O105: Nulo | R105: PK | T105: FK | V105: UK | X105: Nota/Comentarios
A106: 1 | B106: id_registro | C106: Identificador único del registro clínico | G106: INT IDENTITY | K106: 1,1 | O106: NO | R106: ✔ | V106: ✔
A107: 2 | B107: id_apiario | C107: Apiario al que pertenece el registro sanitario | G107: INT | O107: NO | T107: ✔
A108: 3 | B108: descripcion | C108: Descripción del estado sanitario o tratamiento | G108: VARCHAR | K108: MAX | O108: SI
A109: 4 | B109: fecha_registro | C109: Fecha de registro | G109: DATE | O109: SI
A110: 5 | B110: tratamiento | C110: Tratamiento | G110: VARCHAR | K110: MAX | O110: SI
A112: ='Invetario de Tablas'!A19 -> 16 | B112: Tabla | C112: ='Invetario de Tablas'!B19 -> intercambio | G112: Descripción Tabla | K112: ='Invetario de Tablas'!C19 -> Intercambio de bienes acordado por dos apicultores | X112: Versión
A113: # | B113: Campo | C113: Descripción Campo | G113: Tipo Dato - MS SQL Server | K113: Tamaño | O113: Nulo | R113: PK | T113: FK | V113: UK | X113: Nota/Comentarios
A114: 1 | B114: id_intercambio | C114: Identificador del intercambio | G114: INT IDENTITY | K114: 1,1 | O114: NO | R114: ✔ | V114: ✔
A115: 2 | B115: fecha | C115: Fecha en que se realiza el intercambio | G115: DATE | O115: NO
A116: 3 | B116: descripcion | C116: Detalle del intercambio realizado | G116: VARCHAR | K116: MAX | O116: SI
...
